Provincia,Organismo,Sitio Web,Email (verificar en sitio),Teléfono (verificar en sitio),Email enviado,Fecha envío,Respuesta,Notas
Buenos Aires,Ministerio de Turismo y Deportes de la Provincia de Buenos Aires,https://www.turismo.gba.gob.ar,info@turismo.gba.gob.ar,,,,,
Catamarca,Secretaría de Estado de Turismo de Catamarca,https://turismo.catamarca.gob.ar,info@turismo.catamarca.gob.ar,,,,,
Chaco,Ministerio de Turismo del Chaco,https://turismo.chaco.gob.ar,turismo@chaco.gob.ar,,,,,
Chubut,Secretaría de Turismo del Chubut,https://turismo.chubut.gov.ar,turismo@chubut.gov.ar,,,,,
Córdoba,Agencia Córdoba Turismo,https://cordobaturismo.gov.ar,info@cordobaturismo.gov.ar,,,,,
Corrientes,Ministerio de Turismo de Corrientes,https://turismo.corrientes.gov.ar,turismo@corrientes.gov.ar,,,,,
Entre Ríos,Secretaría de Turismo de Entre Ríos,https://turismo.entrerios.gov.ar,turismo@entrerios.gov.ar,,,,,
Formosa,Secretaría de Turismo de Formosa,https://turismo.formosa.gob.ar,turismo@formosa.gob.ar,,,,,
Jujuy,Secretaría de Turismo y Cultura de Jujuy,https://turismo.jujuy.gob.ar,turismo@jujuy.gob.ar,,,,,
La Pampa,Secretaría de Turismo de La Pampa,https://turismo.lapampa.gob.ar,turismo@lapampa.gob.ar,,,,,
La Rioja,Secretaría de Turismo de La Rioja,https://turismo.larioja.gob.ar,turismo@larioja.gob.ar,,,,,
Mendoza,Agencia de Turismo de Mendoza,https://turismo.mendoza.gov.ar,info@turismo.mendoza.gov.ar,,,,,
Misiones,Ministerio de Turismo de Misiones,https://turismo.misiones.gov.ar,turismo@misiones.gov.ar,,,,,
Neuquén,Subsecretaría de Turismo de Neuquén,https://neuquentur.gob.ar,info@neuquentur.gob.ar,,,,,
Río Negro,Secretaría de Turismo de Río Negro,https://turismo.rionegro.gov.ar,turismo@rionegro.gov.ar,,,,,
Salta,Secretaría de Turismo de Salta,https://turismo.salta.gov.ar,turismo@salta.gov.ar,,,,,
San Juan,Secretaría de Turismo de San Juan,https://turismo.sanjuan.gov.ar,turismo@sanjuan.gov.ar,,,,,
San Luis,Secretaría de Turismo de San Luis,https://turismo.sanluis.gov.ar,turismo@sanluis.gov.ar,,,,,
Santa Cruz,Secretaría de Turismo de Santa Cruz,https://turismo.santacruz.gov.ar,turismo@santacruz.gov.ar,,,,,
Santa Fe,Secretaría de Turismo de Santa Fe,https://turismo.santafe.gov.ar,turismo@santafe.gob.ar,,,,,
Santiago del Estero,Secretaría de Turismo de Santiago del Estero,https://turismo.sde.gov.ar,turismo@sde.gov.ar,,,,,
Tierra del Fuego,Secretaría de Turismo de Tierra del Fuego,https://tierradelfuego.gob.ar/turismo,turismo@tierradelfuego.gob.ar,,,,,
Tucumán,Ente Tucumán Turismo,https://www.tucumanturismo.gob.ar,info@tucumanturismo.gob.ar,,,,,
